9.61E-01,1.00E+00,1.00E+00,1.00E+00,1.00E+00,1.00E+00,1.00E+00,1.00E+00,1.00E+00,1.00E+00,1.00E+00,1.00E+00,1.00E+00,1.00E+00,1.00E+00,1.00E+00,1.00E+00,1.00E+00,1.00E+00,1.00E+00,1.00E+00,1.00E+00,1.00E+00,1.00E+00,1.00E+00,1.00E+00,1.00E+00,1.00E+00,1.00E+00,1.00E+00,1.00E+00,1.00E+00,1.00E+00,1.00E+00,1.00E+00,1.00E+00,1.00E+00,1.00E+00,1.00E+00,1.00E+00,1.00E+00,1.00E+00,1.00E+00,1.00E+00,1.00E+00,1.00E+00,1.00E+00,1.00E+00,1.00E+00,1.00E+00,1.00E+00,1.00E+00,1.00E+00,1.00E+00,1.00E+00,1.00E+00,1.00E+00,1.00E+00,1.00E+00,1.46E+00,1.12E+00,1.46E+00,1.12E+00,1.46E+00,1.12E+00,1.46E+00,1.12E+00,1.00E+00,1.00E+00
1.08E+00,1.00E+00,1.00E+00,1.00E+00,1.00E+00,1.00E+00,1.00E+00,1.00E+00,1.00E+00,1.00E+00,1.00E+00,1.00E+00,1.00E+00,1.00E+00,1.00E+00,1.00E+00,1.00E+00,1.00E+00,1.00E+00,1.00E+00,1.00E+00,1.00E+00,1.00E+00,1.00E+00,1.00E+00,1.00E+00,1.00E+00,1.00E+00,1.00E+00,1.00E+00,1.00E+00,1.00E+00,1.00E+00,1.00E+00,1.00E+00,1.00E+00,1.00E+00,1.00E+00,1.00E+00,1.00E+00,1.00E+00,1.00E+00,1.00E+00,1.00E+00,1.00E+00,1.00E+00,1.00E+00,1.00E+00,1.00E+00,1.00E+00,1.00E+00,1.00E+00,1.00E+00,1.00E+00,1.00E+00,1.00E+00,1.00E+00,1.00E+00,1.00E+00,1.45E+00,1.11E+00,1.45E+00,1.11E+00,1.45E+00,1.11E+00,1.45E+00,1.11E+00,1.00E+00,1.00E+00
9.37E-01,1.00E+00,1.00E+00,1.00E+00,1.00E+00,1.00E+00,1.00E+00,1.00E+00,1.00E+00,1.00E+00,1.00E+00,1.00E+00,1.00E+00,1.00E+00,1.00E+00,1.00E+00,1.00E+00,1.00E+00,1.00E+00,1.00E+00,1.00E+00,1.00E+00,1.00E+00,1.00E+00,1.00E+00,1.00E+00,1.00E+00,1.00E+00,1.00E+00,1.00E+00,1.00E+00,1.00E+00,1.00E+00,1.00E+00,1.00E+00,1.00E+00,1.00E+00,1.00E+00,1.00E+00,1.00E+00,1.00E+00,1.00E+00,1.00E+00,1.00E+00,1.00E+00,1.00E+00,1.00E+00,1.00E+00,1.00E+00,1.00E+00,1.00E+00,1.00E+00,1.00E+00,1.00E+00,1.00E+00,1.00E+00,1.00E+00,1.00E+00,1.00E+00,1.04E+00,1.18E+00,1.04E+00,1.18E+00,1.04E+00,1.18E+00,1.04E+00,1.18E+00,1.00E+00,1.00E+00
1.10E+00,1.00E+00,1.00E+00,1.00E+00,1.00E+00,1.00E+00,1.00E+00,1.00E+00,1.00E+00,1.00E+00,1.00E+00,1.00E+00,1.00E+00,1.00E+00,1.00E+00,1.00E+00,1.00E+00,1.00E+00,1.00E+00,1.00E+00,1.00E+00,1.00E+00,1.00E+00,1.00E+00,1.00E+00,1.00E+00,1.00E+00,1.00E+00,1.00E+00,1.00E+00,1.00E+00,1.00E+00,1.00E+00,1.00E+00,1.00E+00,1.00E+00,1.00E+00,1.00E+00,1.00E+00,1.00E+00,1.00E+00,1.00E+00,1.00E+00,1.00E+00,1.00E+00,1.00E+00,1.00E+00,1.00E+00,1.00E+00,1.00E+00,1.00E+00,1.00E+00,1.00E+00,1.00E+00,1.00E+00,1.00E+00,1.00E+00,1.00E+00,1.00E+00,1.01E+00,1.14E+00,1.01E+00,1.14E+00,1.01E+00,1.14E+00,1.01E+00,1.14E+00,1.00E+00,1.00E+00
9.55E-01,1.00E+00,1.00E+00,1.00E+00,1.00E+00,1.00E+00,1.00E+00,1.00E+00,1.00E+00,1.00E+00,1.00E+00,1.00E+00,1.00E+00,1.00E+00,1.00E+00,1.00E+00,1.00E+00,1.00E+00,1.00E+00,1.00E+00,1.00E+00,1.00E+00,1.00E+00,1.00E+00,1.00E+00,1.00E+00,1.00E+00,1.00E+00,1.00E+00,1.00E+00,1.00E+00,1.00E+00,1.00E+00,1.00E+00,1.00E+00,1.00E+00,1.00E+00,1.00E+00,1.00E+00,1.00E+00,1.00E+00,1.00E+00,1.00E+00,1.00E+00,1.00E+00,1.00E+00,1.00E+00,1.00E+00,1.00E+00,1.00E+00,1.00E+00,1.00E+00,1.00E+00,1.00E+00,1.00E+00,1.00E+00,1.00E+00,1.00E+00,1.00E+00,1.04E+00,1.00E+00,1.04E+00,1.00E+00,1.04E+00,1.00E+00,1.04E+00,1.00E+00,1.00E+00,1.00E+00
9.33E-01,1.00E+00,1.00E+00,1.00E+00,1.00E+00,1.00E+00,1.00E+00,1.00E+00,1.00E+00,1.00E+00,1.00E+00,1.00E+00,1.00E+00,1.00E+00,1.00E+00,1.00E+00,1.00E+00,1.00E+00,1.00E+00,1.00E+00,1.00E+00,1.00E+00,1.00E+00,1.00E+00,1.00E+00,1.00E+00,1.00E+00,1.00E+00,1.00E+00,1.00E+00,1.00E+00,1.00E+00,1.00E+00,1.00E+00,1.00E+00,1.00E+00,1.00E+00,1.00E+00,1.00E+00,1.00E+00,1.00E+00,1.00E+00,1.00E+00,1.00E+00,1.00E+00,1.00E+00,1.00E+00,1.00E+00,1.00E+00,1.00E+00,1.00E+00,1.00E+00,1.00E+00,1.00E+00,1.00E+00,1.00E+00,1.00E+00,1.00E+00,1.00E+00,1.09E+00,1.06E+00,1.09E+00,1.06E+00,1.09E+00,1.06E+00,1.09E+00,1.06E+00,1.00E+00,1.00E+00
1.00E+00,1.00E+00,1.00E+00,1.00E+00,1.00E+00,1.00E+00,1.00E+00,1.00E+00,1.00E+00,1.00E+00,1.00E+00,1.00E+00,1.00E+00,1.00E+00,1.00E+00,1.00E+00,1.00E+00,1.00E+00,1.00E+00,1.00E+00,1.00E+00,1.00E+00,1.00E+00,1.00E+00,1.00E+00,1.00E+00,1.00E+00,1.00E+00,1.00E+00,1.00E+00,1.00E+00,1.00E+00,1.00E+00,1.00E+00,1.00E+00,1.00E+00,1.00E+00,1.00E+00,1.00E+00,1.00E+00,1.00E+00,1.00E+00,1.00E+00,1.00E+00,1.00E+00,1.00E+00,1.00E+00,1.00E+00,1.00E+00,1.00E+00,1.00E+00,1.00E+00,1.00E+00,1.00E+00,1.00E+00,1.00E+00,1.00E+00,1.00E+00,1.00E+00,1.02E+00,1.07E+00,1.02E+00,1.07E+00,1.02E+00,1.07E+00,1.02E+00,1.07E+00,1.00E+00,1.00E+00
9.15E-01,1.00E+00,1.00E+00,1.00E+00,1.00E+00,1.00E+00,1.00E+00,1.00E+00,1.00E+00,1.00E+00,1.00E+00,1.00E+00,1.00E+00,1.00E+00,1.00E+00,1.00E+00,1.00E+00,1.00E+00,1.00E+00,1.00E+00,1.00E+00,1.00E+00,1.00E+00,1.00E+00,1.00E+00,1.00E+00,1.00E+00,1.00E+00,1.00E+00,1.00E+00,1.00E+00,1.00E+00,1.00E+00,1.00E+00,1.00E+00,1.00E+00,1.00E+00,1.00E+00,1.00E+00,1.00E+00,1.00E+00,1.00E+00,1.00E+00,1.00E+00,1.00E+00,1.00E+00,1.00E+00,1.00E+00,1.00E+00,1.00E+00,1.00E+00,1.00E+00,1.00E+00,1.00E+00,1.00E+00,1.00E+00,1.00E+00,1.00E+00,1.00E+00,1.50E+00,1.14E+00,1.50E+00,1.14E+00,1.50E+00,1.14E+00,1.50E+00,1.14E+00,1.00E+00,1.00E+00
1.01E+00,1.00E+00,1.00E+00,1.00E+00,1.00E+00,1.00E+00,1.00E+00,1.00E+00,1.00E+00,1.00E+00,1.00E+00,1.00E+00,1.00E+00,1.00E+00,1.00E+00,1.00E+00,1.00E+00,1.00E+00,1.00E+00,1.00E+00,1.00E+00,1.00E+00,1.00E+00,1.00E+00,1.00E+00,1.00E+00,1.00E+00,1.00E+00,1.00E+00,1.00E+00,1.00E+00,1.00E+00,1.00E+00,1.00E+00,1.00E+00,1.00E+00,1.00E+00,1.00E+00,1.00E+00,1.00E+00,1.00E+00,1.00E+00,1.00E+00,1.00E+00,1.00E+00,1.00E+00,1.00E+00,1.00E+00,1.00E+00,1.00E+00,1.00E+00,1.00E+00,1.00E+00,1.00E+00,1.00E+00,1.00E+00,1.00E+00,1.00E+00,1.00E+00,9.53E-01,1.15E+00,9.53E-01,1.15E+00,9.53E-01,1.15E+00,9.53E-01,1.15E+00,1.00E+00,1.00E+00
9.14E-01,1.00E+00,1.00E+00,1.00E+00,1.00E+00,1.00E+00,1.00E+00,1.00E+00,1.00E+00,1.00E+00,1.00E+00,1.00E+00,1.00E+00,1.00E+00,1.00E+00,1.00E+00,1.00E+00,1.00E+00,1.00E+00,1.00E+00,1.00E+00,1.00E+00,1.00E+00,1.00E+00,1.00E+00,1.00E+00,1.00E+00,1.00E+00,1.00E+00,1.00E+00,1.00E+00,1.00E+00,1.00E+00,1.00E+00,1.00E+00,1.00E+00,1.00E+00,1.00E+00,1.00E+00,1.00E+00,1.00E+00,1.00E+00,1.00E+00,1.00E+00,1.00E+00,1.00E+00,1.00E+00,1.00E+00,1.00E+00,1.00E+00,1.00E+00,1.00E+00,1.00E+00,1.00E+00,1.00E+00,1.00E+00,1.00E+00,1.00E+00,1.00E+00,9.97E-01,1.03E+00,9.97E-01,1.03E+00,9.97E-01,1.03E+00,9.97E-01,1.03E+00,1.00E+00,1.00E+00
9.79E-01,1.00E+00,1.00E+00,1.00E+00,1.00E+00,1.00E+00,1.00E+00,1.00E+00,1.00E+00,1.00E+00,1.00E+00,1.00E+00,1.00E+00,1.00E+00,1.00E+00,1.00E+00,1.00E+00,1.00E+00,1.00E+00,1.00E+00,1.00E+00,1.00E+00,1.00E+00,1.00E+00,1.00E+00,1.00E+00,1.00E+00,1.00E+00,1.00E+00,1.00E+00,1.00E+00,1.00E+00,1.00E+00,1.00E+00,1.00E+00,1.00E+00,1.00E+00,1.00E+00,1.00E+00,1.00E+00,1.00E+00,1.00E+00,1.00E+00,1.00E+00,1.00E+00,1.00E+00,1.00E+00,1.00E+00,1.00E+00,1.00E+00,1.00E+00,1.00E+00,1.00E+00,1.00E+00,1.00E+00,1.00E+00,1.00E+00,1.00E+00,1.00E+00,1.35E+00,1.06E+00,1.35E+00,1.06E+00,1.35E+00,1.06E+00,1.35E+00,1.06E+00,1.00E+00,1.00E+00
1.03E+00,1.00E+00,1.00E+00,1.00E+00,1.00E+00,1.00E+00,1.00E+00,1.00E+00,1.00E+00,1.00E+00,1.00E+00,1.00E+00,1.00E+00,1.00E+00,1.00E+00,1.00E+00,1.00E+00,1.00E+00,1.00E+00,1.00E+00,1.00E+00,1.00E+00,1.00E+00,1.00E+00,1.00E+00,1.00E+00,1.00E+00,1.00E+00,1.00E+00,1.00E+00,1.00E+00,1.00E+00,1.00E+00,1.00E+00,1.00E+00,1.00E+00,1.00E+00,1.00E+00,1.00E+00,1.00E+00,1.00E+00,1.00E+00,1.00E+00,1.00E+00,1.00E+00,1.00E+00,1.00E+00,1.00E+00,1.00E+00,1.00E+00,1.00E+00,1.00E+00,1.00E+00,1.00E+00,1.00E+00,1.00E+00,1.00E+00,1.00E+00,1.00E+00,1.20E+00,1.02E+00,1.20E+00,1.02E+00,1.20E+00,1.02E+00,1.20E+00,1.02E+00,1.00E+00,1.00E+00
9.22E-01,1.00E+00,1.00E+00,1.00E+00,1.00E+00,1.00E+00,1.00E+00,1.00E+00,1.00E+00,1.00E+00,1.00E+00,1.00E+00,1.00E+00,1.00E+00,1.00E+00,1.00E+00,1.00E+00,1.00E+00,1.00E+00,1.00E+00,1.00E+00,1.00E+00,1.00E+00,1.00E+00,1.00E+00,1.00E+00,1.00E+00,1.00E+00,1.00E+00,1.00E+00,1.00E+00,1.00E+00,1.00E+00,1.00E+00,1.00E+00,1.00E+00,1.00E+00,1.00E+00,1.00E+00,1.00E+00,1.00E+00,1.00E+00,1.00E+00,1.00E+00,1.00E+00,1.00E+00,1.00E+00,1.00E+00,1.00E+00,1.00E+00,1.00E+00,1.00E+00,1.00E+00,1.00E+00,1.00E+00,1.00E+00,1.00E+00,1.00E+00,1.00E+00,8.68E-01,1.00E+00,8.68E-01,1.00E+00,8.68E-01,1.00E+00,8.68E-01,1.00E+00,1.00E+00,1.00E+00
9.28E-01,1.00E+00,1.00E+00,1.00E+00,1.00E+00,1.00E+00,1.00E+00,1.00E+00,1.00E+00,1.00E+00,1.00E+00,1.00E+00,1.00E+00,1.00E+00,1.00E+00,1.00E+00,1.00E+00,1.00E+00,1.00E+00,1.00E+00,1.00E+00,1.00E+00,1.00E+00,1.00E+00,1.00E+00,1.00E+00,1.00E+00,1.00E+00,1.00E+00,1.00E+00,1.00E+00,1.00E+00,1.00E+00,1.00E+00,1.00E+00,1.00E+00,1.00E+00,1.00E+00,1.00E+00,1.00E+00,1.00E+00,1.00E+00,1.00E+00,1.00E+00,1.00E+00,1.00E+00,1.00E+00,1.00E+00,1.00E+00,1.00E+00,1.00E+00,1.00E+00,1.00E+00,1.00E+00,1.00E+00,1.00E+00,1.00E+00,1.00E+00,1.00E+00,8.23E-01,1.08E+00,8.23E-01,1.08E+00,8.23E-01,1.08E+00,8.23E-01,1.08E+00,1.00E+00,1.00E+00
1.08E+00,1.00E+00,1.00E+00,1.00E+00,1.00E+00,1.00E+00,1.00E+00,1.00E+00,1.00E+00,1.00E+00,1.00E+00,1.00E+00,1.00E+00,1.00E+00,1.00E+00,1.00E+00,1.00E+00,1.00E+00,1.00E+00,1.00E+00,1.00E+00,1.00E+00,1.00E+00,1.00E+00,1.00E+00,1.00E+00,1.00E+00,1.00E+00,1.00E+00,1.00E+00,1.00E+00,1.00E+00,1.00E+00,1.00E+00,1.00E+00,1.00E+00,1.00E+00,1.00E+00,1.00E+00,1.00E+00,1.00E+00,1.00E+00,1.00E+00,1.00E+00,1.00E+00,1.00E+00,1.00E+00,1.00E+00,1.00E+00,1.00E+00,1.00E+00,1.00E+00,1.00E+00,1.00E+00,1.00E+00,1.00E+00,1.00E+00,1.00E+00,1.00E+00,1.27E+00,1.19E+00,1.27E+00,1.19E+00,1.27E+00,1.19E+00,1.27E+00,1.19E+00,1.00E+00,1.00E+00
1.01E+00,1.00E+00,1.00E+00,1.00E+00,1.00E+00,1.00E+00,1.00E+00,1.00E+00,1.00E+00,1.00E+00,1.00E+00,1.00E+00,1.00E+00,1.00E+00,1.00E+00,1.00E+00,1.00E+00,1.00E+00,1.00E+00,1.00E+00,1.00E+00,1.00E+00,1.00E+00,1.00E+00,1.00E+00,1.00E+00,1.00E+00,1.00E+00,1.00E+00,1.00E+00,1.00E+00,1.00E+00,1.00E+00,1.00E+00,1.00E+00,1.00E+00,1.00E+00,1.00E+00,1.00E+00,1.00E+00,1.00E+00,1.00E+00,1.00E+00,1.00E+00,1.00E+00,1.00E+00,1.00E+00,1.00E+00,1.00E+00,1.00E+00,1.00E+00,1.00E+00,1.00E+00,1.00E+00,1.00E+00,1.00E+00,1.00E+00,1.00E+00,1.00E+00,1.19E+00,1.10E+00,1.19E+00,1.10E+00,1.19E+00,1.10E+00,1.19E+00,1.10E+00,1.00E+00,1.00E+00
9.12E-01,1.00E+00,1.00E+00,1.00E+00,1.00E+00,1.00E+00,1.00E+00,1.00E+00,1.00E+00,1.00E+00,1.00E+00,1.00E+00,1.00E+00,1.00E+00,1.00E+00,1.00E+00,1.00E+00,1.00E+00,1.00E+00,1.00E+00,1.00E+00,1.00E+00,1.00E+00,1.00E+00,1.00E+00,1.00E+00,1.00E+00,1.00E+00,1.00E+00,1.00E+00,1.00E+00,1.00E+00,1.00E+00,1.00E+00,1.00E+00,1.00E+00,1.00E+00,1.00E+00,1.00E+00,1.00E+00,1.00E+00,1.00E+00,1.00E+00,1.00E+00,1.00E+00,1.00E+00,1.00E+00,1.00E+00,1.00E+00,1.00E+00,1.00E+00,1.00E+00,1.00E+00,1.00E+00,1.00E+00,1.00E+00,1.00E+00,1.00E+00,1.00E+00,1.46E+00,1.13E+00,1.46E+00,1.13E+00,1.46E+00,1.13E+00,1.46E+00,1.13E+00,1.00E+00,1.00E+00
1.07E+00,1.00E+00,1.00E+00,1.00E+00,1.00E+00,1.00E+00,1.00E+00,1.00E+00,1.00E+00,1.00E+00,1.00E+00,1.00E+00,1.00E+00,1.00E+00,1.00E+00,1.00E+00,1.00E+00,1.00E+00,1.00E+00,1.00E+00,1.00E+00,1.00E+00,1.00E+00,1.00E+00,1.00E+00,1.00E+00,1.00E+00,1.00E+00,1.00E+00,1.00E+00,1.00E+00,1.00E+00,1.00E+00,1.00E+00,1.00E+00,1.00E+00,1.00E+00,1.00E+00,1.00E+00,1.00E+00,1.00E+00,1.00E+00,1.00E+00,1.00E+00,1.00E+00,1.00E+00,1.00E+00,1.00E+00,1.00E+00,1.00E+00,1.00E+00,1.00E+00,1.00E+00,1.00E+00,1.00E+00,1.00E+00,1.00E+00,1.00E+00,1.00E+00,7.62E-01,1.19E+00,7.62E-01,1.19E+00,7.62E-01,1.19E+00,7.62E-01,1.19E+00,1.00E+00,1.00E+00
9.58E-01,1.00E+00,1.00E+00,1.00E+00,1.00E+00,1.00E+00,1.00E+00,1.00E+00,1.00E+00,1.00E+00,1.00E+00,1.00E+00,1.00E+00,1.00E+00,1.00E+00,1.00E+00,1.00E+00,1.00E+00,1.00E+00,1.00E+00,1.00E+00,1.00E+00,1.00E+00,1.00E+00,1.00E+00,1.00E+00,1.00E+00,1.00E+00,1.00E+00,1.00E+00,1.00E+00,1.00E+00,1.00E+00,1.00E+00,1.00E+00,1.00E+00,1.00E+00,1.00E+00,1.00E+00,1.00E+00,1.00E+00,1.00E+00,1.00E+00,1.00E+00,1.00E+00,1.00E+00,1.00E+00,1.00E+00,1.00E+00,1.00E+00,1.00E+00,1.00E+00,1.00E+00,1.00E+00,1.00E+00,1.00E+00,1.00E+00,1.00E+00,1.00E+00,1.29E+00,1.15E+00,1.29E+00,1.15E+00,1.29E+00,1.15E+00,1.29E+00,1.15E+00,1.00E+00,1.00E+00
1.05E+00,1.00E+00,1.00E+00,1.00E+00,1.00E+00,1.00E+00,1.00E+00,1.00E+00,1.00E+00,1.00E+00,1.00E+00,1.00E+00,1.00E+00,1.00E+00,1.00E+00,1.00E+00,1.00E+00,1.00E+00,1.00E+00,1.00E+00,1.00E+00,1.00E+00,1.00E+00,1.00E+00,1.00E+00,1.00E+00,1.00E+00,1.00E+00,1.00E+00,1.00E+00,1.00E+00,1.00E+00,1.00E+00,1.00E+00,1.00E+00,1.00E+00,1.00E+00,1.00E+00,1.00E+00,1.00E+00,1.00E+00,1.00E+00,1.00E+00,1.00E+00,1.00E+00,1.00E+00,1.00E+00,1.00E+00,1.00E+00,1.00E+00,1.00E+00,1.00E+00,1.00E+00,1.00E+00,1.00E+00,1.00E+00,1.00E+00,1.00E+00,1.00E+00,1.01E+00,1.18E+00,1.01E+00,1.18E+00,1.01E+00,1.18E+00,1.01E+00,1.18E+00,1.00E+00,1.00E+00
1.06E+00,1.00E+00,1.00E+00,1.00E+00,1.00E+00,1.00E+00,1.00E+00,1.00E+00,1.00E+00,1.00E+00,1.00E+00,1.00E+00,1.00E+00,1.00E+00,1.00E+00,1.00E+00,1.00E+00,1.00E+00,1.00E+00,1.00E+00,1.00E+00,1.00E+00,1.00E+00,1.00E+00,1.00E+00,1.00E+00,1.00E+00,1.00E+00,1.00E+00,1.00E+00,1.00E+00,1.00E+00,1.00E+00,1.00E+00,1.00E+00,1.00E+00,1.00E+00,1.00E+00,1.00E+00,1.00E+00,1.00E+00,1.00E+00,1.00E+00,1.00E+00,1.00E+00,1.00E+00,1.00E+00,1.00E+00,1.00E+00,1.00E+00,1.00E+00,1.00E+00,1.00E+00,1.00E+00,1.00E+00,1.00E+00,1.00E+00,1.00E+00,1.00E+00,7.57E-01,1.16E+00,7.57E-01,1.16E+00,7.57E-01,1.16E+00,7.57E-01,1.16E+00,1.00E+00,1.00E+00
9.60E-01,1.00E+00,1.00E+00,1.00E+00,1.00E+00,1.00E+00,1.00E+00,1.00E+00,1.00E+00,1.00E+00,1.00E+00,1.00E+00,1.00E+00,1.00E+00,1.00E+00,1.00E+00,1.00E+00,1.00E+00,1.00E+00,1.00E+00,1.00E+00,1.00E+00,1.00E+00,1.00E+00,1.00E+00,1.00E+00,1.00E+00,1.00E+00,1.00E+00,1.00E+00,1.00E+00,1.00E+00,1.00E+00,1.00E+00,1.00E+00,1.00E+00,1.00E+00,1.00E+00,1.00E+00,1.00E+00,1.00E+00,1.00E+00,1.00E+00,1.00E+00,1.00E+00,1.00E+00,1.00E+00,1.00E+00,1.00E+00,1.00E+00,1.00E+00,1.00E+00,1.00E+00,1.00E+00,1.00E+00,1.00E+00,1.00E+00,1.00E+00,1.00E+00,1.44E+00,1.09E+00,1.44E+00,1.09E+00,1.44E+00,1.09E+00,1.44E+00,1.09E+00,1.00E+00,1.00E+00
9.54E-01,1.00E+00,1.00E+00,1.00E+00,1.00E+00,1.00E+00,1.00E+00,1.00E+00,1.00E+00,1.00E+00,1.00E+00,1.00E+00,1.00E+00,1.00E+00,1.00E+00,1.00E+00,1.00E+00,1.00E+00,1.00E+00,1.00E+00,1.00E+00,1.00E+00,1.00E+00,1.00E+00,1.00E+00,1.00E+00,1.00E+00,1.00E+00,1.00E+00,1.00E+00,1.00E+00,1.00E+00,1.00E+00,1.00E+00,1.00E+00,1.00E+00,1.00E+00,1.00E+00,1.00E+00,1.00E+00,1.00E+00,1.00E+00,1.00E+00,1.00E+00,1.00E+00,1.00E+00,1.00E+00,1.00E+00,1.00E+00,1.00E+00,1.00E+00,1.00E+00,1.00E+00,1.00E+00,1.00E+00,1.00E+00,1.00E+00,1.00E+00,1.00E+00,1.03E+00,1.00E+00,1.03E+00,1.00E+00,1.03E+00,1.00E+00,1.03E+00,1.00E+00,1.00E+00,1.00E+00
1.06E+00,1.00E+00,1.00E+00,1.00E+00,1.00E+00,1.00E+00,1.00E+00,1.00E+00,1.00E+00,1.00E+00,1.00E+00,1.00E+00,1.00E+00,1.00E+00,1.00E+00,1.00E+00,1.00E+00,1.00E+00,1.00E+00,1.00E+00,1.00E+00,1.00E+00,1.00E+00,1.00E+00,1.00E+00,1.00E+00,1.00E+00,1.00E+00,1.00E+00,1.00E+00,1.00E+00,1.00E+00,1.00E+00,1.00E+00,1.00E+00,1.00E+00,1.00E+00,1.00E+00,1.00E+00,1.00E+00,1.00E+00,1.00E+00,1.00E+00,1.00E+00,1.00E+00,1.00E+00,1.00E+00,1.00E+00,1.00E+00,1.00E+00,1.00E+00,1.00E+00,1.00E+00,1.00E+00,1.00E+00,1.00E+00,1.00E+00,1.00E+00,1.00E+00,1.17E+00,1.09E+00,1.17E+00,1.09E+00,1.17E+00,1.09E+00,1.17E+00,1.09E+00,1.00E+00,1.00E+00
1.01E+00,1.00E+00,1.00E+00,1.00E+00,1.00E+00,1.00E+00,1.00E+00,1.00E+00,1.00E+00,1.00E+00,1.00E+00,1.00E+00,1.00E+00,1.00E+00,1.00E+00,1.00E+00,1.00E+00,1.00E+00,1.00E+00,1.00E+00,1.00E+00,1.00E+00,1.00E+00,1.00E+00,1.00E+00,1.00E+00,1.00E+00,1.00E+00,1.00E+00,1.00E+00,1.00E+00,1.00E+00,1.00E+00,1.00E+00,1.00E+00,1.00E+00,1.00E+00,1.00E+00,1.00E+00,1.00E+00,1.00E+00,1.00E+00,1.00E+00,1.00E+00,1.00E+00,1.00E+00,1.00E+00,1.00E+00,1.00E+00,1.00E+00,1.00E+00,1.00E+00,1.00E+00,1.00E+00,1.00E+00,1.00E+00,1.00E+00,1.00E+00,1.00E+00,1.20E+00,1.13E+00,1.20E+00,1.13E+00,1.20E+00,1.13E+00,1.20E+00,1.13E+00,1.00E+00,1.00E+00
9.71E-01,1.00E+00,1.00E+00,1.00E+00,1.00E+00,1.00E+00,1.00E+00,1.00E+00,1.00E+00,1.00E+00,1.00E+00,1.00E+00,1.00E+00,1.00E+00,1.00E+00,1.00E+00,1.00E+00,1.00E+00,1.00E+00,1.00E+00,1.00E+00,1.00E+00,1.00E+00,1.00E+00,1.00E+00,1.00E+00,1.00E+00,1.00E+00,1.00E+00,1.00E+00,1.00E+00,1.00E+00,1.00E+00,1.00E+00,1.00E+00,1.00E+00,1.00E+00,1.00E+00,1.00E+00,1.00E+00,1.00E+00,1.00E+00,1.00E+00,1.00E+00,1.00E+00,1.00E+00,1.00E+00,1.00E+00,1.00E+00,1.00E+00,1.00E+00,1.00E+00,1.00E+00,1.00E+00,1.00E+00,1.00E+00,1.00E+00,1.00E+00,1.00E+00,7.80E-01,1.15E+00,7.80E-01,1.15E+00,7.80E-01,1.15E+00,7.80E-01,1.15E+00,1.00E+00,1.00E+00
9.38E-01,1.00E+00,1.00E+00,1.00E+00,1.00E+00,1.00E+00,1.00E+00,1.00E+00,1.00E+00,1.00E+00,1.00E+00,1.00E+00,1.00E+00,1.00E+00,1.00E+00,1.00E+00,1.00E+00,1.00E+00,1.00E+00,1.00E+00,1.00E+00,1.00E+00,1.00E+00,1.00E+00,1.00E+00,1.00E+00,1.00E+00,1.00E+00,1.00E+00,1.00E+00,1.00E+00,1.00E+00,1.00E+00,1.00E+00,1.00E+00,1.00E+00,1.00E+00,1.00E+00,1.00E+00,1.00E+00,1.00E+00,1.00E+00,1.00E+00,1.00E+00,1.00E+00,1.00E+00,1.00E+00,1.00E+00,1.00E+00,1.00E+00,1.00E+00,1.00E+00,1.00E+00,1.00E+00,1.00E+00,1.00E+00,1.00E+00,1.00E+00,1.00E+00,1.20E+00,1.14E+00,1.20E+00,1.14E+00,1.20E+00,1.14E+00,1.20E+00,1.14E+00,1.00E+00,1.00E+00
1.03E+00,1.00E+00,1.00E+00,1.00E+00,1.00E+00,1.00E+00,1.00E+00,1.00E+00,1.00E+00,1.00E+00,1.00E+00,1.00E+00,1.00E+00,1.00E+00,1.00E+00,1.00E+00,1.00E+00,1.00E+00,1.00E+00,1.00E+00,1.00E+00,1.00E+00,1.00E+00,1.00E+00,1.00E+00,1.00E+00,1.00E+00,1.00E+00,1.00E+00,1.00E+00,1.00E+00,1.00E+00,1.00E+00,1.00E+00,1.00E+00,1.00E+00,1.00E+00,1.00E+00,1.00E+00,1.00E+00,1.00E+00,1.00E+00,1.00E+00,1.00E+00,1.00E+00,1.00E+00,1.00E+00,1.00E+00,1.00E+00,1.00E+00,1.00E+00,1.00E+00,1.00E+00,1.00E+00,1.00E+00,1.00E+00,1.00E+00,1.00E+00,1.00E+00,1.22E+00,1.10E+00,1.22E+00,1.10E+00,1.22E+00,1.10E+00,1.22E+00,1.10E+00,1.00E+00,1.00E+00
9.89E-01,1.00E+00,1.00E+00,1.00E+00,1.00E+00,1.00E+00,1.00E+00,1.00E+00,1.00E+00,1.00E+00,1.00E+00,1.00E+00,1.00E+00,1.00E+00,1.00E+00,1.00E+00,1.00E+00,1.00E+00,1.00E+00,1.00E+00,1.00E+00,1.00E+00,1.00E+00,1.00E+00,1.00E+00,1.00E+00,1.00E+00,1.00E+00,1.00E+00,1.00E+00,1.00E+00,1.00E+00,1.00E+00,1.00E+00,1.00E+00,1.00E+00,1.00E+00,1.00E+00,1.00E+00,1.00E+00,1.00E+00,1.00E+00,1.00E+00,1.00E+00,1.00E+00,1.00E+00,1.00E+00,1.00E+00,1.00E+00,1.00E+00,1.00E+00,1.00E+00,1.00E+00,1.00E+00,1.00E+00,1.00E+00,1.00E+00,1.00E+00,1.00E+00,1.27E+00,1.18E+00,1.27E+00,1.18E+00,1.27E+00,1.18E+00,1.27E+00,1.18E+00,1.00E+00,1.00E+00
9.82E-01,1.00E+00,1.00E+00,1.00E+00,1.00E+00,1.00E+00,1.00E+00,1.00E+00,1.00E+00,1.00E+00,1.00E+00,1.00E+00,1.00E+00,1.00E+00,1.00E+00,1.00E+00,1.00E+00,1.00E+00,1.00E+00,1.00E+00,1.00E+00,1.00E+00,1.00E+00,1.00E+00,1.00E+00,1.00E+00,1.00E+00,1.00E+00,1.00E+00,1.00E+00,1.00E+00,1.00E+00,1.00E+00,1.00E+00,1.00E+00,1.00E+00,1.00E+00,1.00E+00,1.00E+00,1.00E+00,1.00E+00,1.00E+00,1.00E+00,1.00E+00,1.00E+00,1.00E+00,1.00E+00,1.00E+00,1.00E+00,1.00E+00,1.00E+00,1.00E+00,1.00E+00,1.00E+00,1.00E+00,1.00E+00,1.00E+00,1.00E+00,1.00E+00,8.14E-01,1.09E+00,8.14E-01,1.09E+00,8.14E-01,1.09E+00,8.14E-01,1.09E+00,1.00E+00,1.00E+00
9.21E-01,1.00E+00,1.00E+00,1.00E+00,1.00E+00,1.00E+00,1.00E+00,1.00E+00,1.00E+00,1.00E+00,1.00E+00,1.00E+00,1.00E+00,1.00E+00,1.00E+00,1.00E+00,1.00E+00,1.00E+00,1.00E+00,1.00E+00,1.00E+00,1.00E+00,1.00E+00,1.00E+00,1.00E+00,1.00E+00,1.00E+00,1.00E+00,1.00E+00,1.00E+00,1.00E+00,1.00E+00,1.00E+00,1.00E+00,1.00E+00,1.00E+00,1.00E+00,1.00E+00,1.00E+00,1.00E+00,1.00E+00,1.00E+00,1.00E+00,1.00E+00,1.00E+00,1.00E+00,1.00E+00,1.00E+00,1.00E+00,1.00E+00,1.00E+00,1.00E+00,1.00E+00,1.00E+00,1.00E+00,1.00E+00,1.00E+00,1.00E+00,1.00E+00,1.10E+00,1.12E+00,1.10E+00,1.12E+00,1.10E+00,1.12E+00,1.10E+00,1.12E+00,1.00E+00,1.00E+00
1.03E+00,1.00E+00,1.00E+00,1.00E+00,1.00E+00,1.00E+00,1.00E+00,1.00E+00,1.00E+00,1.00E+00,1.00E+00,1.00E+00,1.00E+00,1.00E+00,1.00E+00,1.00E+00,1.00E+00,1.00E+00,1.00E+00,1.00E+00,1.00E+00,1.00E+00,1.00E+00,1.00E+00,1.00E+00,1.00E+00,1.00E+00,1.00E+00,1.00E+00,1.00E+00,1.00E+00,1.00E+00,1.00E+00,1.00E+00,1.00E+00,1.00E+00,1.00E+00,1.00E+00,1.00E+00,1.00E+00,1.00E+00,1.00E+00,1.00E+00,1.00E+00,1.00E+00,1.00E+00,1.00E+00,1.00E+00,1.00E+00,1.00E+00,1.00E+00,1.00E+00,1.00E+00,1.00E+00,1.00E+00,1.00E+00,1.00E+00,1.00E+00,1.00E+00,9.63E-01,1.02E+00,9.63E-01,1.02E+00,9.63E-01,1.02E+00,9.63E-01,1.02E+00,1.00E+00,1.00E+00
9.76E-01,1.00E+00,1.00E+00,1.00E+00,1.00E+00,1.00E+00,1.00E+00,1.00E+00,1.00E+00,1.00E+00,1.00E+00,1.00E+00,1.00E+00,1.00E+00,1.00E+00,1.00E+00,1.00E+00,1.00E+00,1.00E+00,1.00E+00,1.00E+00,1.00E+00,1.00E+00,1.00E+00,1.00E+00,1.00E+00,1.00E+00,1.00E+00,1.00E+00,1.00E+00,1.00E+00,1.00E+00,1.00E+00,1.00E+00,1.00E+00,1.00E+00,1.00E+00,1.00E+00,1.00E+00,1.00E+00,1.00E+00,1.00E+00,1.00E+00,1.00E+00,1.00E+00,1.00E+00,1.00E+00,1.00E+00,1.00E+00,1.00E+00,1.00E+00,1.00E+00,1.00E+00,1.00E+00,1.00E+00,1.00E+00,1.00E+00,1.00E+00,1.00E+00,7.91E-01,1.12E+00,7.91E-01,1.12E+00,7.91E-01,1.12E+00,7.91E-01,1.12E+00,1.00E+00,1.00E+00
1.06E+00,1.00E+00,1.00E+00,1.00E+00,1.00E+00,1.00E+00,1.00E+00,1.00E+00,1.00E+00,1.00E+00,1.00E+00,1.00E+00,1.00E+00,1.00E+00,1.00E+00,1.00E+00,1.00E+00,1.00E+00,1.00E+00,1.00E+00,1.00E+00,1.00E+00,1.00E+00,1.00E+00,1.00E+00,1.00E+00,1.00E+00,1.00E+00,1.00E+00,1.00E+00,1.00E+00,1.00E+00,1.00E+00,1.00E+00,1.00E+00,1.00E+00,1.00E+00,1.00E+00,1.00E+00,1.00E+00,1.00E+00,1.00E+00,1.00E+00,1.00E+00,1.00E+00,1.00E+00,1.00E+00,1.00E+00,1.00E+00,1.00E+00,1.00E+00,1.00E+00,1.00E+00,1.00E+00,1.00E+00,1.00E+00,1.00E+00,1.00E+00,1.00E+00,1.40E+00,1.19E+00,1.40E+00,1.19E+00,1.40E+00,1.19E+00,1.40E+00,1.19E+00,1.00E+00,1.00E+00
1.00E+00,1.00E+00,1.00E+00,1.00E+00,1.00E+00,1.00E+00,1.00E+00,1.00E+00,1.00E+00,1.00E+00,1.00E+00,1.00E+00,1.00E+00,1.00E+00,1.00E+00,1.00E+00,1.00E+00,1.00E+00,1.00E+00,1.00E+00,1.00E+00,1.00E+00,1.00E+00,1.00E+00,1.00E+00,1.00E+00,1.00E+00,1.00E+00,1.00E+00,1.00E+00,1.00E+00,1.00E+00,1.00E+00,1.00E+00,1.00E+00,1.00E+00,1.00E+00,1.00E+00,1.00E+00,1.00E+00,1.00E+00,1.00E+00,1.00E+00,1.00E+00,1.00E+00,1.00E+00,1.00E+00,1.00E+00,1.00E+00,1.00E+00,1.00E+00,1.00E+00,1.00E+00,1.00E+00,1.00E+00,1.00E+00,1.00E+00,1.00E+00,1.00E+00,1.08E+00,1.18E+00,1.08E+00,1.18E+00,1.08E+00,1.18E+00,1.08E+00,1.18E+00,1.00E+00,1.00E+00
9.12E-01,1.00E+00,1.00E+00,1.00E+00,1.00E+00,1.00E+00,1.00E+00,1.00E+00,1.00E+00,1.00E+00,1.00E+00,1.00E+00,1.00E+00,1.00E+00,1.00E+00,1.00E+00,1.00E+00,1.00E+00,1.00E+00,1.00E+00,1.00E+00,1.00E+00,1.00E+00,1.00E+00,1.00E+00,1.00E+00,1.00E+00,1.00E+00,1.00E+00,1.00E+00,1.00E+00,1.00E+00,1.00E+00,1.00E+00,1.00E+00,1.00E+00,1.00E+00,1.00E+00,1.00E+00,1.00E+00,1.00E+00,1.00E+00,1.00E+00,1.00E+00,1.00E+00,1.00E+00,1.00E+00,1.00E+00,1.00E+00,1.00E+00,1.00E+00,1.00E+00,1.00E+00,1.00E+00,1.00E+00,1.00E+00,1.00E+00,1.00E+00,1.00E+00,1.35E+00,1.09E+00,1.35E+00,1.09E+00,1.35E+00,1.09E+00,1.35E+00,1.09E+00,1.00E+00,1.00E+00
1.05E+00,1.00E+00,1.00E+00,1.00E+00,1.00E+00,1.00E+00,1.00E+00,1.00E+00,1.00E+00,1.00E+00,1.00E+00,1.00E+00,1.00E+00,1.00E+00,1.00E+00,1.00E+00,1.00E+00,1.00E+00,1.00E+00,1.00E+00,1.00E+00,1.00E+00,1.00E+00,1.00E+00,1.00E+00,1.00E+00,1.00E+00,1.00E+00,1.00E+00,1.00E+00,1.00E+00,1.00E+00,1.00E+00,1.00E+00,1.00E+00,1.00E+00,1.00E+00,1.00E+00,1.00E+00,1.00E+00,1.00E+00,1.00E+00,1.00E+00,1.00E+00,1.00E+00,1.00E+00,1.00E+00,1.00E+00,1.00E+00,1.00E+00,1.00E+00,1.00E+00,1.00E+00,1.00E+00,1.00E+00,1.00E+00,1.00E+00,1.00E+00,1.00E+00,1.25E+00,1.15E+00,1.25E+00,1.15E+00,1.25E+00,1.15E+00,1.25E+00,1.15E+00,1.00E+00,1.00E+00
1.07E+00,1.00E+00,1.00E+00,1.00E+00,1.00E+00,1.00E+00,1.00E+00,1.00E+00,1.00E+00,1.00E+00,1.00E+00,1.00E+00,1.00E+00,1.00E+00,1.00E+00,1.00E+00,1.00E+00,1.00E+00,1.00E+00,1.00E+00,1.00E+00,1.00E+00,1.00E+00,1.00E+00,1.00E+00,1.00E+00,1.00E+00,1.00E+00,1.00E+00,1.00E+00,1.00E+00,1.00E+00,1.00E+00,1.00E+00,1.00E+00,1.00E+00,1.00E+00,1.00E+00,1.00E+00,1.00E+00,1.00E+00,1.00E+00,1.00E+00,1.00E+00,1.00E+00,1.00E+00,1.00E+00,1.00E+00,1.00E+00,1.00E+00,1.00E+00,1.00E+00,1.00E+00,1.00E+00,1.00E+00,1.00E+00,1.00E+00,1.00E+00,1.00E+00,1.33E+00,1.10E+00,1.33E+00,1.10E+00,1.33E+00,1.10E+00,1.33E+00,1.10E+00,1.00E+00,1.00E+00
1.00E+00,1.00E+00,1.00E+00,1.00E+00,1.00E+00,1.00E+00,1.00E+00,1.00E+00,1.00E+00,1.00E+00,1.00E+00,1.00E+00,1.00E+00,1.00E+00,1.00E+00,1.00E+00,1.00E+00,1.00E+00,1.00E+00,1.00E+00,1.00E+00,1.00E+00,1.00E+00,1.00E+00,1.00E+00,1.00E+00,1.00E+00,1.00E+00,1.00E+00,1.00E+00,1.00E+00,1.00E+00,1.00E+00,1.00E+00,1.00E+00,1.00E+00,1.00E+00,1.00E+00,1.00E+00,1.00E+00,1.00E+00,1.00E+00,1.00E+00,1.00E+00,1.00E+00,1.00E+00,1.00E+00,1.00E+00,1.00E+00,1.00E+00,1.00E+00,1.00E+00,1.00E+00,1.00E+00,1.00E+00,1.00E+00,1.00E+00,1.00E+00,1.00E+00,1.30E+00,1.11E+00,1.30E+00,1.11E+00,1.30E+00,1.11E+00,1.30E+00,1.11E+00,1.00E+00,1.00E+00
9.62E-01,1.00E+00,1.00E+00,1.00E+00,1.00E+00,1.00E+00,1.00E+00,1.00E+00,1.00E+00,1.00E+00,1.00E+00,1.00E+00,1.00E+00,1.00E+00,1.00E+00,1.00E+00,1.00E+00,1.00E+00,1.00E+00,1.00E+00,1.00E+00,1.00E+00,1.00E+00,1.00E+00,1.00E+00,1.00E+00,1.00E+00,1.00E+00,1.00E+00,1.00E+00,1.00E+00,1.00E+00,1.00E+00,1.00E+00,1.00E+00,1.00E+00,1.00E+00,1.00E+00,1.00E+00,1.00E+00,1.00E+00,1.00E+00,1.00E+00,1.00E+00,1.00E+00,1.00E+00,1.00E+00,1.00E+00,1.00E+00,1.00E+00,1.00E+00,1.00E+00,1.00E+00,1.00E+00,1.00E+00,1.00E+00,1.00E+00,1.00E+00,1.00E+00,1.47E+00,1.12E+00,1.47E+00,1.12E+00,1.47E+00,1.12E+00,1.47E+00,1.12E+00,1.00E+00,1.00E+00
1.01E+00,1.00E+00,1.00E+00,1.00E+00,1.00E+00,1.00E+00,1.00E+00,1.00E+00,1.00E+00,1.00E+00,1.00E+00,1.00E+00,1.00E+00,1.00E+00,1.00E+00,1.00E+00,1.00E+00,1.00E+00,1.00E+00,1.00E+00,1.00E+00,1.00E+00,1.00E+00,1.00E+00,1.00E+00,1.00E+00,1.00E+00,1.00E+00,1.00E+00,1.00E+00,1.00E+00,1.00E+00,1.00E+00,1.00E+00,1.00E+00,1.00E+00,1.00E+00,1.00E+00,1.00E+00,1.00E+00,1.00E+00,1.00E+00,1.00E+00,1.00E+00,1.00E+00,1.00E+00,1.00E+00,1.00E+00,1.00E+00,1.00E+00,1.00E+00,1.00E+00,1.00E+00,1.00E+00,1.00E+00,1.00E+00,1.00E+00,1.00E+00,1.00E+00,1.40E+00,1.17E+00,1.40E+00,1.17E+00,1.40E+00,1.17E+00,1.40E+00,1.17E+00,1.00E+00,1.00E+00
1.08E+00,1.00E+00,1.00E+00,1.00E+00,1.00E+00,1.00E+00,1.00E+00,1.00E+00,1.00E+00,1.00E+00,1.00E+00,1.00E+00,1.00E+00,1.00E+00,1.00E+00,1.00E+00,1.00E+00,1.00E+00,1.00E+00,1.00E+00,1.00E+00,1.00E+00,1.00E+00,1.00E+00,1.00E+00,1.00E+00,1.00E+00,1.00E+00,1.00E+00,1.00E+00,1.00E+00,1.00E+00,1.00E+00,1.00E+00,1.00E+00,1.00E+00,1.00E+00,1.00E+00,1.00E+00,1.00E+00,1.00E+00,1.00E+00,1.00E+00,1.00E+00,1.00E+00,1.00E+00,1.00E+00,1.00E+00,1.00E+00,1.00E+00,1.00E+00,1.00E+00,1.00E+00,1.00E+00,1.00E+00,1.00E+00,1.00E+00,1.00E+00,1.00E+00,1.16E+00,1.02E+00,1.16E+00,1.02E+00,1.16E+00,1.02E+00,1.16E+00,1.02E+00,1.00E+00,1.00E+00
1.00E+00,1.00E+00,1.00E+00,1.00E+00,1.00E+00,1.00E+00,1.00E+00,1.00E+00,1.00E+00,1.00E+00,1.00E+00,1.00E+00,1.00E+00,1.00E+00,1.00E+00,1.00E+00,1.00E+00,1.00E+00,1.00E+00,1.00E+00,1.00E+00,1.00E+00,1.00E+00,1.00E+00,1.00E+00,1.00E+00,1.00E+00,1.00E+00,1.00E+00,1.00E+00,1.00E+00,1.00E+00,1.00E+00,1.00E+00,1.00E+00,1.00E+00,1.00E+00,1.00E+00,1.00E+00,1.00E+00,1.00E+00,1.00E+00,1.00E+00,1.00E+00,1.00E+00,1.00E+00,1.00E+00,1.00E+00,1.00E+00,1.00E+00,1.00E+00,1.00E+00,1.00E+00,1.00E+00,1.00E+00,1.00E+00,1.00E+00,1.00E+00,1.00E+00,8.54E-01,1.08E+00,8.54E-01,1.08E+00,8.54E-01,1.08E+00,8.54E-01,1.08E+00,1.00E+00,1.00E+00
1.01E+00,1.00E+00,1.00E+00,1.00E+00,1.00E+00,1.00E+00,1.00E+00,1.00E+00,1.00E+00,1.00E+00,1.00E+00,1.00E+00,1.00E+00,1.00E+00,1.00E+00,1.00E+00,1.00E+00,1.00E+00,1.00E+00,1.00E+00,1.00E+00,1.00E+00,1.00E+00,1.00E+00,1.00E+00,1.00E+00,1.00E+00,1.00E+00,1.00E+00,1.00E+00,1.00E+00,1.00E+00,1.00E+00,1.00E+00,1.00E+00,1.00E+00,1.00E+00,1.00E+00,1.00E+00,1.00E+00,1.00E+00,1.00E+00,1.00E+00,1.00E+00,1.00E+00,1.00E+00,1.00E+00,1.00E+00,1.00E+00,1.00E+00,1.00E+00,1.00E+00,1.00E+00,1.00E+00,1.00E+00,1.00E+00,1.00E+00,1.00E+00,1.00E+00,1.11E+00,1.05E+00,1.11E+00,1.05E+00,1.11E+00,1.05E+00,1.11E+00,1.05E+00,1.00E+00,1.00E+00
9.93E-01,1.00E+00,1.00E+00,1.00E+00,1.00E+00,1.00E+00,1.00E+00,1.00E+00,1.00E+00,1.00E+00,1.00E+00,1.00E+00,1.00E+00,1.00E+00,1.00E+00,1.00E+00,1.00E+00,1.00E+00,1.00E+00,1.00E+00,1.00E+00,1.00E+00,1.00E+00,1.00E+00,1.00E+00,1.00E+00,1.00E+00,1.00E+00,1.00E+00,1.00E+00,1.00E+00,1.00E+00,1.00E+00,1.00E+00,1.00E+00,1.00E+00,1.00E+00,1.00E+00,1.00E+00,1.00E+00,1.00E+00,1.00E+00,1.00E+00,1.00E+00,1.00E+00,1.00E+00,1.00E+00,1.00E+00,1.00E+00,1.00E+00,1.00E+00,1.00E+00,1.00E+00,1.00E+00,1.00E+00,1.00E+00,1.00E+00,1.00E+00,1.00E+00,8.41E-01,1.07E+00,8.41E-01,1.07E+00,8.41E-01,1.07E+00,8.41E-01,1.07E+00,1.00E+00,1.00E+00
9.32E-01,1.00E+00,1.00E+00,1.00E+00,1.00E+00,1.00E+00,1.00E+00,1.00E+00,1.00E+00,1.00E+00,1.00E+00,1.00E+00,1.00E+00,1.00E+00,1.00E+00,1.00E+00,1.00E+00,1.00E+00,1.00E+00,1.00E+00,1.00E+00,1.00E+00,1.00E+00,1.00E+00,1.00E+00,1.00E+00,1.00E+00,1.00E+00,1.00E+00,1.00E+00,1.00E+00,1.00E+00,1.00E+00,1.00E+00,1.00E+00,1.00E+00,1.00E+00,1.00E+00,1.00E+00,1.00E+00,1.00E+00,1.00E+00,1.00E+00,1.00E+00,1.00E+00,1.00E+00,1.00E+00,1.00E+00,1.00E+00,1.00E+00,1.00E+00,1.00E+00,1.00E+00,1.00E+00,1.00E+00,1.00E+00,1.00E+00,1.00E+00,1.00E+00,8.14E-01,1.08E+00,8.14E-01,1.08E+00,8.14E-01,1.08E+00,8.14E-01,1.08E+00,1.00E+00,1.00E+00
9.80E-01,1.00E+00,1.00E+00,1.00E+00,1.00E+00,1.00E+00,1.00E+00,1.00E+00,1.00E+00,1.00E+00,1.00E+00,1.00E+00,1.00E+00,1.00E+00,1.00E+00,1.00E+00,1.00E+00,1.00E+00,1.00E+00,1.00E+00,1.00E+00,1.00E+00,1.00E+00,1.00E+00,1.00E+00,1.00E+00,1.00E+00,1.00E+00,1.00E+00,1.00E+00,1.00E+00,1.00E+00,1.00E+00,1.00E+00,1.00E+00,1.00E+00,1.00E+00,1.00E+00,1.00E+00,1.00E+00,1.00E+00,1.00E+00,1.00E+00,1.00E+00,1.00E+00,1.00E+00,1.00E+00,1.00E+00,1.00E+00,1.00E+00,1.00E+00,1.00E+00,1.00E+00,1.00E+00,1.00E+00,1.00E+00,1.00E+00,1.00E+00,1.00E+00,8.87E-01,1.14E+00,8.87E-01,1.14E+00,8.87E-01,1.14E+00,8.87E-01,1.14E+00,1.00E+00,1.00E+00
9.99E-01,1.00E+00,1.00E+00,1.00E+00,1.00E+00,1.00E+00,1.00E+00,1.00E+00,1.00E+00,1.00E+00,1.00E+00,1.00E+00,1.00E+00,1.00E+00,1.00E+00,1.00E+00,1.00E+00,1.00E+00,1.00E+00,1.00E+00,1.00E+00,1.00E+00,1.00E+00,1.00E+00,1.00E+00,1.00E+00,1.00E+00,1.00E+00,1.00E+00,1.00E+00,1.00E+00,1.00E+00,1.00E+00,1.00E+00,1.00E+00,1.00E+00,1.00E+00,1.00E+00,1.00E+00,1.00E+00,1.00E+00,1.00E+00,1.00E+00,1.00E+00,1.00E+00,1.00E+00,1.00E+00,1.00E+00,1.00E+00,1.00E+00,1.00E+00,1.00E+00,1.00E+00,1.00E+00,1.00E+00,1.00E+00,1.00E+00,1.00E+00,1.00E+00,1.14E+00,1.16E+00,1.14E+00,1.16E+00,1.14E+00,1.16E+00,1.14E+00,1.16E+00,1.00E+00,1.00E+00
1.01E+00,1.00E+00,1.00E+00,1.00E+00,1.00E+00,1.00E+00,1.00E+00,1.00E+00,1.00E+00,1.00E+00,1.00E+00,1.00E+00,1.00E+00,1.00E+00,1.00E+00,1.00E+00,1.00E+00,1.00E+00,1.00E+00,1.00E+00,1.00E+00,1.00E+00,1.00E+00,1.00E+00,1.00E+00,1.00E+00,1.00E+00,1.00E+00,1.00E+00,1.00E+00,1.00E+00,1.00E+00,1.00E+00,1.00E+00,1.00E+00,1.00E+00,1.00E+00,1.00E+00,1.00E+00,1.00E+00,1.00E+00,1.00E+00,1.00E+00,1.00E+00,1.00E+00,1.00E+00,1.00E+00,1.00E+00,1.00E+00,1.00E+00,1.00E+00,1.00E+00,1.00E+00,1.00E+00,1.00E+00,1.00E+00,1.00E+00,1.00E+00,1.00E+00,1.11E+00,1.04E+00,1.11E+00,1.04E+00,1.11E+00,1.04E+00,1.11E+00,1.04E+00,1.00E+00,1.00E+00
1.09E+00,1.00E+00,1.00E+00,1.00E+00,1.00E+00,1.00E+00,1.00E+00,1.00E+00,1.00E+00,1.00E+00,1.00E+00,1.00E+00,1.00E+00,1.00E+00,1.00E+00,1.00E+00,1.00E+00,1.00E+00,1.00E+00,1.00E+00,1.00E+00,1.00E+00,1.00E+00,1.00E+00,1.00E+00,1.00E+00,1.00E+00,1.00E+00,1.00E+00,1.00E+00,1.00E+00,1.00E+00,1.00E+00,1.00E+00,1.00E+00,1.00E+00,1.00E+00,1.00E+00,1.00E+00,1.00E+00,1.00E+00,1.00E+00,1.00E+00,1.00E+00,1.00E+00,1.00E+00,1.00E+00,1.00E+00,1.00E+00,1.00E+00,1.00E+00,1.00E+00,1.00E+00,1.00E+00,1.00E+00,1.00E+00,1.00E+00,1.00E+00,1.00E+00,1.11E+00,1.10E+00,1.11E+00,1.10E+00,1.11E+00,1.10E+00,1.11E+00,1.10E+00,1.00E+00,1.00E+00
